Row ID,Order ID,Order Date,Ship Date,Ship Mode,Customer ID,Customer Name,Segment,Country/Region,City,State,Postal Code,Region,Product ID,Category,Sub-Category,Product Name,Sales,Quantity,Discount,Profit
126,US-2018-134614,01-01-2023,25-09-2023,Standard Class,PF-19165,Philip Fox,Consumer,United States,Bloomington,Illinois,61701,Central,FUR-TA-10004534,Furniture,Tables,Bevis 44 x 96 Conference Tables,617.7,6,0.5,-407.682
165,CA-2018-139892,02-01-2023,26-09-2023,Standard Class,BM-11140,Becky Martin,Consumer,United States,San Antonio,Texas,78207,Central,OFF-AR-10004441,Office Supplies,Art,BIC Brite Liner Highlighters,9.936,3,0.2,2.7324
166,CA-2018-139892,03-01-2023,27-09-2023,Standard Class,BM-11140,Becky Martin,Consumer,United States,San Antonio,Texas,78207,Central,TEC-MA-10000822,Technology,Machines,Lexmark MX611dhe Monochrome Laser Printer,8159.952,8,0.4,-1359.992
167,CA-2018-139892,04-01-2023,28-09-2023,Standard Class,BM-11140,Becky Martin,Consumer,United States,San Antonio,Texas,78207,Central,OFF-ST-10000991,Office Supplies,Storage,Space Solutions HD Industrial Steel Shelving.,275.928,3,0.2,-58.6347
168,CA-2018-139892,05-01-2023,29-09-2023,Standard Class,BM-11140,Becky Martin,Consumer,United States,San Antonio,Texas,78207,Central,FUR-CH-10004287,Furniture,Chairs,SAFCO Arco Folding Chair,1740.06,9,0.3,-24.858
169,CA-2018-139892,06-01-2023,30-09-2023,Standard Class,BM-11140,Becky Martin,Consumer,United States,San Antonio,Texas,78207,Central,OFF-AR-10002656,Office Supplies,Art,Sanford Liquid Accent Highlighters,32.064,6,0.2,6.8136
170,CA-2018-139892,07-01-2023,01-10-2023,Standard Class,BM-11140,Becky Martin,Consumer,United States,San Antonio,Texas,78207,Central,OFF-AP-10002518,Office Supplies,Appliances,Kensington 7 Outlet MasterPiece Power Center,177.98,5,0.8,-453.849
171,CA-2018-139892,08-01-2023,02-10-2023,Standard Class,BM-11140,Becky Martin,Consumer,United States,San Antonio,Texas,78207,Central,TEC-PH-10003931,Technology,Phones,JBL Micro Wireless Portable Bluetooth Speaker,143.976,3,0.2,8.9985
175,US-2018-100853,09-01-2023,03-10-2023,Standard Class,JB-15400,Jennifer Braxton,Corporate,United States,Chicago,Illinois,60623,Central,OFF-AP-10000891,Office Supplies,Appliances,Kensington 7 Outlet MasterPiece HOMEOFFICE Power Control Center,52.448,2,0.8,-131.12
176,US-2018-100853,10-01-2023,04-10-2023,Standard Class,JB-15400,Jennifer Braxton,Corporate,United States,Chicago,Illinois,60623,Central,OFF-LA-10003148,Office Supplies,Labels,Avery 51,20.16,4,0.2,6.552
231,US-2018-156216,11-01-2023,05-10-2023,Standard Class,EA-14035,Erin Ashbrook,Corporate,United States,Charlotte,North Carolina,28205,South,OFF-BI-10001679,Office Supplies,Binders,GBC Instant Index System for Binding Systems,18.648,7,0.7,-12.432
263,US-2018-106992,12-01-2023,06-10-2023,Second Class,SB-20290,Sean Braxton,Corporate,United States,Houston,Texas,77036,Central,TEC-MA-10000822,Technology,Machines,Lexmark MX611dhe Monochrome Laser Printer,3059.982,3,0.4,-509.997
264,US-2018-106992,13-01-2023,07-10-2023,Second Class,SB-20290,Sean Braxton,Corporate,United States,Houston,Texas,77036,Central,TEC-MA-10003353,Technology,Machines,Xerox WorkCentre 6505DN Laser Multifunction Printer,2519.958,7,0.4,-251.9958
314,CA-2018-120887,14-01-2023,08-10-2023,Standard Class,TS-21205,Thomas Seio,Corporate,United States,Hackensack,New Jersey,7601,East,FUR-FU-10001588,Furniture,Furnishings,"Deflect-o SuperTray Unbreakable Stackable Tray, Letter, Black",87.54,3,0,37.6422
323,CA-2018-156601,15-01-2023,09-10-2023,Standard Class,FA-14230,Frank Atkinson,Corporate,United States,Long Beach,California,90805,West,OFF-FA-10000624,Office Supplies,Fasteners,OIC Binder Clips,7.16,2,0,3.58
366,CA-2018-123344,16-01-2023,10-10-2023,Standard Class,JD-16060,Julia Dunbar,Consumer,United States,San Francisco,California,94109,West,OFF-ST-10001713,Office Supplies,Storage,"Gould Plastics 9-Pocket Panel Bin, 18-3/8w x 5-1/4d x 20-1/2h, Black",211.96,4,0,8.4784
392,US-2018-135972,17-01-2023,11-10-2023,Second Class,JG-15115,Jack Garza,Consumer,United States,Des Moines,Washington,98198,West,TEC-PH-10003012,Technology,Phones,Nortel Meridian M3904 Professional Digital phone,246.384,2,0.2,27.7182
393,US-2018-135972,18-01-2023,12-10-2023,Second Class,JG-15115,Jack Garza,Consumer,United States,Des Moines,Washington,98198,West,TEC-CO-10002313,Technology,Copiers,Canon PC1080F Personal Copier,1799.97,3,0,701.9883
428,CA-2018-101476,19-01-2023,13-10-2023,First Class,SD-20485,Shirley Daniels,Home Office,United States,New Rochelle,New York,10801,East,TEC-MA-10000029,Technology,Machines,"Epson WorkForce WF-2530 All-in-One Printer, Copier Scanner",69.99,1,0,30.0957
492,CA-2018-113362,20-01-2023,14-10-2023,Standard Class,AJ-10960,Astrea Jones,Consumer,United States,Rochester,New York,14609,East,OFF-ST-10001809,Office Supplies,Storage,Fellowes Officeware Wire Shelving,449.15,5,0,8.983
493,CA-2018-113362,21-01-2023,15-10-2023,Standard Class,AJ-10960,Astrea Jones,Consumer,United States,Rochester,New York,14609,East,OFF-EN-10003845,Office Supplies,Envelopes,Colored Envelopes,11.07,3,0,5.0922
562,CA-2018-145576,22-01-2023,16-10-2023,Second Class,CA-12775,Cynthia Arntzen,Consumer,United States,Tampa,Florida,33614,South,OFF-AP-10003914,Office Supplies,Appliances,"Sanitaire Vibra Groomer IR Commercial Upright Vacuum, Replacement Belts",13,5,0.2,1.3
563,CA-2018-145576,23-01-2023,17-10-2023,Second Class,CA-12775,Cynthia Arntzen,Consumer,United States,Tampa,Florida,33614,South,FUR-FU-10004020,Furniture,Furnishings,Advantus Panel Wall Acrylic Frame,13.128,3,0.2,3.7743
705,CA-2018-138527,24-01-2023,18-10-2023,Standard Class,BN-11470,Brad Norvell,Corporate,United States,Cary,North Carolina,27511,South,OFF-PA-10001800,Office Supplies,Paper,Xerox 220,10.368,2,0.2,3.6288
706,CA-2018-138527,25-01-2023,19-10-2023,Standard Class,BN-11470,Brad Norvell,Corporate,United States,Cary,North Carolina,27511,South,OFF-AP-10001469,Office Supplies,Appliances,Fellowes 8 Outlet Superior Workstation Surge Protector,166.84,5,0.2,18.7695
707,CA-2018-138527,26-01-2023,20-10-2023,Standard Class,BN-11470,Brad Norvell,Corporate,United States,Cary,North Carolina,27511,South,TEC-AC-10002399,Technology,Accessories,SanDisk Cruzer 32 GB USB Flash Drive,15.216,1,0.2,2.2824
739,CA-2018-132500,27-01-2023,21-10-2023,Standard Class,GZ-14470,Gary Zandusky,Consumer,United States,San Francisco,California,94110,West,TEC-AC-10001383,Technology,Accessories,Logitech Wireless Touch Keyboard K400,49.98,2,0,8.4966
794,CA-2018-156433,28-01-2023,22-10-2023,Standard Class,ES-14020,Erica Smith,Consumer,United States,San Francisco,California,94110,West,OFF-LA-10001569,Office Supplies,Labels,Avery 499,9.96,2,0,4.5816
795,CA-2018-156433,29-01-2023,23-10-2023,Standard Class,ES-14020,Erica Smith,Consumer,United States,San Francisco,California,94110,West,OFF-PA-10003724,Office Supplies,Paper,"Wirebound Message Book, 4 per Page",21.72,4,0,10.6428
837,US-2018-115987,30-01-2023,24-10-2023,Second Class,LH-17020,Lisa Hazard,Consumer,United States,Tyler,Texas,75701,Central,OFF-BI-10001071,Office Supplies,Binders,GBC ProClick Punch Binding System,51.184,4,0.8,-79.3352
879,US-2018-158638,31-01-2023,25-10-2023,Standard Class,AG-10765,Anthony Garverick,Home Office,United States,Philadelphia,Pennsylvania,19120,East,OFF-BI-10003712,Office Supplies,Binders,"Acco Pressboard Covers with Storage Hooks, 14 7/8"" x 11"", Light Blue",5.892,4,0.7,-4.1244
898,CA-2018-144407,01-02-2023,26-10-2023,Standard Class,MS-17365,Maribeth Schnelling,Consumer,United States,Detroit,Michigan,48227,Central,OFF-LA-10003923,Office Supplies,Labels,Alphabetical Labels for Top Tab Filing,103.6,7,0,51.8
926,CA-2018-132962,02-02-2023,27-10-2023,First Class,JM-15535,Jessica Myrick,Consumer,United States,Philadelphia,Pennsylvania,19143,East,OFF-PA-10003543,Office Supplies,Paper,Xerox 1985,15.552,3,0.2,5.4432
927,CA-2018-132962,03-02-2023,28-10-2023,First Class,JM-15535,Jessica Myrick,Consumer,United States,Philadelphia,Pennsylvania,19143,East,TEC-AC-10004353,Technology,Accessories,Hypercom P1300 Pinpad,252,5,0.2,53.55
964,CA-2018-127488,04-02-2023,29-10-2023,Second Class,MS-17365,Maribeth Schnelling,Consumer,United States,Boca Raton,Florida,33433,South,OFF-LA-10001613,Office Supplies,Labels,Avery File Folder Labels,4.608,2,0.2,1.6704
1142,CA-2018-146969,05-02-2023,30-10-2023,Standard Class,AP-10915,Arthur Prichep,Consumer,United States,Los Angeles,California,90045,West,FUR-FU-10004188,Furniture,Furnishings,Luxo Professional Combination Clamp-On Lamps,204.6,2,0,53.196
1143,CA-2018-146969,06-02-2023,31-10-2023,Standard Class,AP-10915,Arthur Prichep,Consumer,United States,Los Angeles,California,90045,West,OFF-FA-10001561,Office Supplies,Fasteners,Stockwell Push Pins,8.72,4,0,2.8776
1144,CA-2018-146969,07-02-2023,01-11-2023,Standard Class,AP-10915,Arthur Prichep,Consumer,United States,Los Angeles,California,90045,West,OFF-PA-10002105,Office Supplies,Paper,Xerox 223,6.48,1,0,3.1104
1145,CA-2018-146969,08-02-2023,02-11-2023,Standard Class,AP-10915,Arthur Prichep,Consumer,United States,Los Angeles,California,90045,West,TEC-MA-10004241,Technology,Machines,Star Micronics TSP800 TSP847IIU Receipt Printer,686.32,2,0.2,223.054
1146,CA-2018-146969,09-02-2023,03-11-2023,Standard Class,AP-10915,Arthur Prichep,Consumer,United States,Los Angeles,California,90045,West,OFF-ST-10004340,Office Supplies,Storage,"Fellowes Mobile File Cart, Black",62.18,1,0,16.7886
1162,CA-2018-126522,10-02-2023,04-11-2023,Second Class,LT-16765,Larry Tron,Consumer,United States,Escondido,California,92025,West,OFF-AR-10004042,Office Supplies,Art,"BOSTON Model 1800 Electric Pencil Sharpeners, Putty/Woodgrain",53.94,3,0,15.6426
1279,CA-2018-163293,11-02-2023,05-11-2023,First Class,KC-16255,Karen Carlisle,Corporate,United States,Macon,Georgia,31204,South,TEC-AC-10004209,Technology,Accessories,Memorex Froggy Flash Drive 4 GB,32.97,3,0,12.8583
1280,CA-2018-163293,12-02-2023,06-11-2023,First Class,KC-16255,Karen Carlisle,Corporate,United States,Macon,Georgia,31204,South,TEC-AC-10000023,Technology,Accessories,"Maxell 74 Minute CD-R Spindle, 50/Pack",83.88,4,0,30.1968
1325,CA-2018-107153,13-02-2023,07-11-2023,Standard Class,GZ-14545,George Zrebassa,Corporate,United States,Lawrence,Massachusetts,1841,East,OFF-ST-10001321,Office Supplies,Storage,"Decoflex Hanging Personal Folder File, Blue",46.26,3,0,12.4902
1360,US-2018-151925,14-02-2023,08-11-2023,Second Class,KT-16465,Kean Takahito,Consumer,United States,Los Angeles,California,90049,West,FUR-CH-10002961,Furniture,Chairs,"Leather Task Chair, Black",145.568,2,0.2,0
1679,CA-2018-122882,15-02-2023,09-11-2023,Standard Class,SB-20290,Sean Braxton,Corporate,United States,Philadelphia,Pennsylvania,19134,East,OFF-ST-10002344,Office Supplies,Storage,"Carina 42""Hx23 3/4""W Media Storage Unit",64.784,1,0.2,-14.5764
1680,CA-2018-122882,16-02-2023,10-11-2023,Standard Class,SB-20290,Sean Braxton,Corporate,United States,Philadelphia,Pennsylvania,19134,East,TEC-PH-10003589,Technology,Phones,invisibleSHIELD by ZAGG Smudge-Free Screen Protector,32.382,3,0.4,4.3176
1681,CA-2018-122882,17-02-2023,11-11-2023,Standard Class,SB-20290,Sean Braxton,Corporate,United States,Philadelphia,Pennsylvania,19134,East,FUR-FU-10000758,Furniture,Furnishings,DAX Natural Wood-Tone Poster Frame,42.368,2,0.2,8.4736
1682,CA-2018-122882,18-02-2023,12-11-2023,Standard Class,SB-20290,Sean Braxton,Corporate,United States,Philadelphia,Pennsylvania,19134,East,TEC-MA-10004679,Technology,Machines,StarTech.com 10/100 VDSL2 Ethernet Extender Kit,399.54,4,0.7,-559.356
1731,CA-2018-125136,19-02-2023,13-11-2023,Standard Class,KD-16495,Keith Dawkins,Corporate,United States,Fayetteville,North Carolina,28314,South,OFF-PA-10001457,Office Supplies,Paper,White GlueTop Scratch Pads,96.256,8,0.2,31.2832
1732,CA-2018-125136,20-02-2023,14-11-2023,Standard Class,KD-16495,Keith Dawkins,Corporate,United States,Fayetteville,North Carolina,28314,South,OFF-PA-10001804,Office Supplies,Paper,Xerox 195,10.688,2,0.2,3.7408
1791,CA-2018-102008,21-02-2023,15-11-2023,Standard Class,RA-19915,Russell Applegate,Consumer,United States,New York City,New York,10011,East,OFF-PA-10004092,Office Supplies,Paper,Tops Green Bar Computer Printout Paper,48.94,1,0,24.47
2106,US-2018-167633,22-02-2023,16-11-2023,Standard Class,BW-11200,Ben Wallace,Consumer,United States,Boynton Beach,Florida,33437,South,OFF-PA-10004888,Office Supplies,Paper,Xerox 217,15.552,3,0.2,5.4432
2107,US-2018-152723,23-02-2023,17-11-2023,Same Day,HG-14965,Henry Goldwyn,Corporate,United States,Mesquite,Texas,75150,Central,OFF-BI-10003460,Office Supplies,Binders,Acco 3-Hole Punch,0.876,1,0.8,-1.4016
2218,CA-2018-151953,24-02-2023,18-11-2023,Standard Class,DB-13555,Dorothy Badders,Corporate,United States,Jacksonville,Florida,32216,South,OFF-AR-10003469,Office Supplies,Art,Nontoxic Chalk,2.816,2,0.2,0.9856
2335,CA-2018-140886,25-02-2023,19-11-2023,Standard Class,KW-16570,Kelly Williams,Consumer,United States,Clarksville,Tennessee,37042,South,OFF-AP-10000696,Office Supplies,Appliances,Holmes Odor Grabber,69.216,6,0.2,11.2476
2479,CA-2018-145212,26-02-2023,20-11-2023,Standard Class,DC-12850,Dan Campbell,Consumer,United States,New York City,New York,10011,East,OFF-AR-10002833,Office Supplies,Art,Newell 322,5.46,3,0,1.4742
2516,CA-2018-106572,27-02-2023,21-11-2023,Standard Class,NP-18700,Nora Preis,Consumer,United States,Bowling Green,Ohio,43402,East,OFF-ST-10000585,Office Supplies,Storage,Economy Rollaway Files,264.32,2,0.2,19.824
2543,CA-2018-164385,28-02-2023,22-11-2023,Second Class,NB-18580,Nicole Brennan,Corporate,United States,Philadelphia,Pennsylvania,19134,East,OFF-AP-10002191,Office Supplies,Appliances,Belkin 8 Outlet SurgeMaster II Gold Surge Protector,143.952,3,0.2,14.3952
2646,CA-2018-131002,01-03-2023,23-11-2023,Second Class,TB-21400,Tom Boeckenhauer,Consumer,United States,Tulsa,Oklahoma,74133,Central,FUR-FU-10004270,Furniture,Furnishings,"Executive Impressions 13"" Clairmont Wall Clock",57.69,3,0,23.6529
2647,CA-2018-131002,02-03-2023,24-11-2023,Second Class,TB-21400,Tom Boeckenhauer,Consumer,United States,Tulsa,Oklahoma,74133,Central,OFF-BI-10000948,Office Supplies,Binders,"GBC Laser Imprintable Binding System Covers, Desert Sand",42.81,3,0,20.1207
2648,CA-2018-131002,03-03-2023,25-11-2023,Second Class,TB-21400,Tom Boeckenhauer,Consumer,United States,Tulsa,Oklahoma,74133,Central,OFF-PA-10000223,Office Supplies,Paper,Xerox 2000,12.96,2,0,6.2208
2649,CA-2018-131002,04-03-2023,26-11-2023,Second Class,TB-21400,Tom Boeckenhauer,Consumer,United States,Tulsa,Oklahoma,74133,Central,FUR-FU-10004665,Furniture,Furnishings,"3M Polarizing Task Lamp with Clamp Arm, Light Gray",821.88,6,0,213.6888
2650,CA-2018-131002,05-03-2023,27-11-2023,Second Class,TB-21400,Tom Boeckenhauer,Consumer,United States,Tulsa,Oklahoma,74133,Central,TEC-PH-10000215,Technology,Phones,Plantronics Cordless Phone Headset with In-line Volume - M214C,104.85,3,0,28.3095
2671,CA-2018-126403,06-03-2023,28-11-2023,Second Class,RR-19525,Rick Reed,Corporate,United States,Lowell,Massachusetts,1852,East,OFF-PA-10001144,Office Supplies,Paper,Xerox 1913,166.44,3,0,79.8912
2672,CA-2018-126403,07-03-2023,29-11-2023,Second Class,RR-19525,Rick Reed,Corporate,United States,Lowell,Massachusetts,1852,East,FUR-CH-10003761,Furniture,Chairs,Global Italian Leather Office Chair,785.88,6,0,212.1876
2673,CA-2018-126403,08-03-2023,30-11-2023,Second Class,RR-19525,Rick Reed,Corporate,United States,Lowell,Massachusetts,1852,East,OFF-PA-10004665,Office Supplies,Paper,Advantus Motivational Note Cards,26.2,2,0,12.838
2674,CA-2018-126403,09-03-2023,01-12-2023,Second Class,RR-19525,Rick Reed,Corporate,United States,Lowell,Massachusetts,1852,East,OFF-ST-10000078,Office Supplies,Storage,Tennsco 6- and 18-Compartment Lockers,1325.85,5,0,238.653
2718,CA-2018-100006,10-03-2023,02-12-2023,Standard Class,DK-13375,Dennis Kane,Consumer,United States,New York City,New York,10024,East,TEC-PH-10002075,Technology,Phones,AT&T EL51110 DECT,377.97,3,0,109.6113
2791,CA-2018-125514,11-03-2023,03-12-2023,First Class,BM-11650,Brian Moss,Corporate,United States,Omaha,Nebraska,68104,Central,OFF-AP-10000358,Office Supplies,Appliances,Fellowes Basic Home/Office Series Surge Protectors,25.96,2,0,7.5284
2792,CA-2018-125514,12-03-2023,04-12-2023,First Class,BM-11650,Brian Moss,Corporate,United States,Omaha,Nebraska,68104,Central,OFF-AP-10003281,Office Supplies,Appliances,Acco 6 Outlet Guardian Standard Surge Suppressor,36.27,3,0,10.881
2793,CA-2018-125514,13-03-2023,05-12-2023,First Class,BM-11650,Brian Moss,Corporate,United States,Omaha,Nebraska,68104,Central,OFF-PA-10000029,Office Supplies,Paper,Xerox 224,6.48,1,0,3.1104
2825,US-2018-112914,14-03-2023,06-12-2023,Standard Class,MT-18070,Michelle Tran,Home Office,United States,Houston,Texas,77041,Central,OFF-PA-10003270,Office Supplies,Paper,Xerox 1954,33.792,8,0.2,10.56
2826,US-2018-112914,15-03-2023,07-12-2023,Standard Class,MT-18070,Michelle Tran,Home Office,United States,Houston,Texas,77041,Central,FUR-BO-10003272,Furniture,Bookcases,O'Sullivan Living Dimensions 5-Shelf Bookcases,300.5328,2,0.32,-97.2312
2827,US-2018-112914,16-03-2023,08-12-2023,Standard Class,MT-18070,Michelle Tran,Home Office,United States,Houston,Texas,77041,Central,OFF-BI-10002982,Office Supplies,Binders,Avery Self-Adhesive Photo Pockets for Polaroid Photos,2.724,2,0.8,-4.3584
2828,US-2018-112914,17-03-2023,09-12-2023,Standard Class,MT-18070,Michelle Tran,Home Office,United States,Houston,Texas,77041,Central,OFF-EN-10001509,Office Supplies,Envelopes,Poly String Tie Envelopes,3.264,2,0.2,1.1016
2906,CA-2018-127586,18-03-2023,10-12-2023,Standard Class,CS-12400,Christopher Schild,Home Office,United States,Seattle,Washington,98115,West,OFF-ST-10002615,Office Supplies,Storage,"Dual Level, Single-Width Filing Carts",310.12,2,0,80.6312
2925,CA-2018-157721,19-03-2023,11-12-2023,First Class,JM-16195,Justin MacKendrick,Consumer,United States,Watertown,New York,13601,East,OFF-AP-10001303,Office Supplies,Appliances,"Holmes Cool Mist Humidifier for the Whole House with 8-Gallon Output per Day, Extended Life Filter",19.9,1,0,8.955
2926,CA-2018-157721,20-03-2023,12-12-2023,First Class,JM-16195,Justin MacKendrick,Consumer,United States,Watertown,New York,13601,East,FUR-FU-10002116,Furniture,Furnishings,"Tenex Carpeted, Granite-Look or Clear Contemporary Contour Shape Chair Mats",70.71,1,0,4.9497
3048,CA-2018-137351,21-03-2023,13-12-2023,Standard Class,DB-13615,Doug Bickford,Consumer,United States,Seattle,Washington,98105,West,OFF-BI-10003910,Office Supplies,Binders,DXL Angle-View Binders with Locking Rings by Samsill,43.176,7,0.2,13.4925
3161,US-2018-150924,22-03-2023,14-12-2023,Second Class,PT-19090,Pete Takahito,Consumer,United States,Houston,Texas,77070,Central,OFF-BI-10004040,Office Supplies,Binders,Wilson Jones Impact Binders,5.18,5,0.8,-8.029
3162,CA-2018-153969,23-03-2023,15-12-2023,Standard Class,HF-14995,Herbert Flentye,Consumer,United States,San Francisco,California,94109,West,OFF-EN-10001539,Office Supplies,Envelopes,Staple envelope,15.56,2,0,7.3132
3163,CA-2018-153969,24-03-2023,16-12-2023,Standard Class,HF-14995,Herbert Flentye,Consumer,United States,San Francisco,California,94109,West,OFF-EN-10004483,Office Supplies,Envelopes,"#10 White Business Envelopes,4 1/8 x 9 1/2",78.35,5,0,36.8245
3164,CA-2018-153969,25-03-2023,17-12-2023,Standard Class,HF-14995,Herbert Flentye,Consumer,United States,San Francisco,California,94109,West,OFF-AR-10001615,Office Supplies,Art,Newell 34,59.52,3,0,15.4752
3165,CA-2018-153969,26-03-2023,18-12-2023,Standard Class,HF-14995,Herbert Flentye,Consumer,United States,San Francisco,California,94109,West,OFF-PA-10000327,Office Supplies,Paper,Xerox 1971,38.52,9,0,17.334
3166,CA-2018-153969,27-03-2023,19-12-2023,Standard Class,HF-14995,Herbert Flentye,Consumer,United States,San Francisco,California,94109,West,TEC-PH-10001299,Technology,Phones,Polycom CX300 Desktop Phone USB VoIP phone,239.984,2,0.2,23.9984
3167,CA-2018-153969,28-03-2023,20-12-2023,Standard Class,HF-14995,Herbert Flentye,Consumer,United States,San Francisco,California,94109,West,OFF-PA-10002246,Office Supplies,Paper,"Wirebound Four 2-3/4 x 5 Forms per Page, 400 Sets per Book",19.35,3,0,9.4815
3194,CA-2018-165428,29-03-2023,21-12-2023,First Class,JL-15130,Jack Lebron,Consumer,United States,Houston,Texas,77036,Central,OFF-BI-10002949,Office Supplies,Binders,Prestige Round Ring Binders,3.648,3,0.8,-6.0192
3195,CA-2018-165428,30-03-2023,22-12-2023,First Class,JL-15130,Jack Lebron,Consumer,United States,Houston,Texas,77036,Central,OFF-PA-10004100,Office Supplies,Paper,Xerox 216,31.104,6,0.2,10.8864
3282,US-2018-117170,31-03-2023,23-12-2023,Standard Class,KT-16465,Kean Takahito,Consumer,United States,Raleigh,North Carolina,27604,South,TEC-AC-10001109,Technology,Accessories,Logitech Trackman Marble Mouse,47.984,2,0.2,13.1956
3283,US-2018-117170,01-04-2023,24-12-2023,Standard Class,KT-16465,Kean Takahito,Consumer,United States,Raleigh,North Carolina,27604,South,OFF-PA-10000682,Office Supplies,Paper,Xerox 1924,4.624,1,0.2,1.6762
3284,CA-2018-159478,02-04-2023,25-12-2023,Standard Class,MH-17785,Maya Herman,Corporate,United States,New York City,New York,10035,East,FUR-FU-10000221,Furniture,Furnishings,"Master Caster Door Stop, Brown",15.24,3,0,5.1816
3285,CA-2018-103702,03-04-2023,26-12-2023,Standard Class,AF-10885,Art Foster,Consumer,United States,Fairfield,Ohio,45014,East,OFF-BI-10002429,Office Supplies,Binders,"Premier Elliptical Ring Binder, Black",63.924,7,0.7,-46.8776
3313,US-2018-133130,04-04-2023,27-12-2023,Standard Class,TH-21100,Thea Hendricks,Consumer,United States,San Diego,California,92037,West,FUR-CH-10002602,Furniture,Chairs,DMI Arturo Collection Mission-style Design Wood Chair,603.92,5,0.2,45.294
3314,US-2018-133130,05-04-2023,28-12-2023,Standard Class,TH-21100,Thea Hendricks,Consumer,United States,San Diego,California,92037,West,OFF-PA-10000675,Office Supplies,Paper,Xerox 1919,81.98,2,0,40.1702
3352,US-2018-134733,06-04-2023,29-12-2023,Standard Class,BM-11650,Brian Moss,Corporate,United States,San Diego,California,92037,West,FUR-BO-10002916,Furniture,Bookcases,"Rush Hierlooms Collection 1"" Thick Stackable Bookcases",435.999,3,0.15,20.5176
3353,US-2018-134733,07-04-2023,30-12-2023,Standard Class,BM-11650,Brian Moss,Corporate,United States,San Diego,California,92037,West,TEC-PH-10002726,Technology,Phones,netTALK DUO VoIP Telephone Service,83.984,2,0.2,31.494
3450,CA-2018-168592,08-04-2023,31-12-2023,Standard Class,DP-13390,Dennis Pardue,Home Office,United States,San Francisco,California,94110,West,OFF-AP-10004785,Office Supplies,Appliances,"Holmes Replacement Filter for HEPA Air Cleaner, Medium Room",56.65,5,0,24.3595
3451,CA-2018-168592,09-04-2023,01-01-2024,Standard Class,DP-13390,Dennis Pardue,Home Office,United States,San Francisco,California,94110,West,OFF-ST-10002406,Office Supplies,Storage,Pizazz Global Quick File,14.97,1,0,4.1916
3452,CA-2018-168592,10-04-2023,02-01-2024,Standard Class,DP-13390,Dennis Pardue,Home Office,United States,San Francisco,California,94110,West,OFF-FA-10002988,Office Supplies,Fasteners,Ideal Clamps,4.02,2,0,1.9698
3597,CA-2018-102869,11-04-2023,03-01-2024,Second Class,LC-17140,Logan Currie,Consumer,United States,Philadelphia,Pennsylvania,19140,East,OFF-PA-10000788,Office Supplies,Paper,Xerox 210,15.552,3,0.2,5.4432
3598,CA-2018-102869,12-04-2023,04-01-2024,Second Class,LC-17140,Logan Currie,Consumer,United States,Philadelphia,Pennsylvania,19140,East,TEC-AC-10002134,Technology,Accessories,Rosewill 107 Normal Keys USB Wired Standard Keyboard,64.704,6,0.2,-4.8528
3599,CA-2018-102869,13-04-2023,05-01-2024,Second Class,LC-17140,Logan Currie,Consumer,United States,Philadelphia,Pennsylvania,19140,East,FUR-FU-10002456,Furniture,Furnishings,"Master Caster Door Stop, Large Neon Orange",17.472,3,0.2,5.0232
3600,CA-2018-102869,14-04-2023,06-01-2024,Second Class,LC-17140,Logan Currie,Consumer,United States,Philadelphia,Pennsylvania,19140,East,TEC-PH-10002549,Technology,Phones,Polycom SoundPoint IP 450 VoIP phone,135.516,1,0.4,-31.6204
3608,CA-2018-163559,15-04-2023,07-01-2024,Second Class,ST-20530,Shui Tom,Consumer,United States,New York City,New York,10035,East,OFF-BI-10002026,Office Supplies,Binders,Avery Arch Ring Binders,139.44,3,0.2,47.061
3623,CA-2018-159184,16-04-2023,08-01-2024,Standard Class,JC-15775,John Castell,Consumer,United States,Macon,Georgia,31204,South,FUR-FU-10002878,Furniture,Furnishings,"Seth Thomas 14"" Day/Date Wall Clock",142.4,5,0,52.688
3624,CA-2018-159184,17-04-2023,09-01-2024,Standard Class,JC-15775,John Castell,Consumer,United States,Macon,Georgia,31204,South,OFF-BI-10001890,Office Supplies,Binders,Avery Poly Binder Pockets,7.16,2,0,3.4368
3699,CA-2018-140039,18-04-2023,10-01-2024,Standard Class,ON-18715,Odella Nelson,Corporate,United States,Tempe,Arizona,85281,West,OFF-ST-10001034,Office Supplies,Storage,Eldon File Chest Portable File,79.4,5,0.2,5.955
3925,CA-2018-103940,19-04-2023,11-01-2024,Standard Class,BN-11515,Bradley Nguyen,Consumer,United States,Seattle,Washington,98103,West,OFF-ST-10004963,Office Supplies,Storage,Eldon Gobal File Keepers,30.28,2,0,1.2112
3926,CA-2018-103940,20-04-2023,12-01-2024,Standard Class,BN-11515,Bradley Nguyen,Consumer,United States,Seattle,Washington,98103,West,OFF-ST-10000943,Office Supplies,Storage,Eldon ProFile File 'N Store Portable File Tub Letter/Legal Size Black,57.93,3,0,16.2204
3927,CA-2018-103940,21-04-2023,13-01-2024,Standard Class,BN-11515,Bradley Nguyen,Consumer,United States,Seattle,Washington,98103,West,FUR-FU-10004671,Furniture,Furnishings,"Executive Impressions 12"" Wall Clock",35.34,2,0,13.4292
3928,CA-2018-103940,22-04-2023,14-01-2024,Standard Class,BN-11515,Bradley Nguyen,Consumer,United States,Seattle,Washington,98103,West,OFF-BI-10002735,Office Supplies,Binders,GBC Prestige Therm-A-Bind Covers,137.24,5,0.2,46.3185
4052,CA-2018-122931,23-04-2023,15-01-2024,Standard Class,SM-20950,Suzanne McNair,Corporate,United States,Philadelphia,Pennsylvania,19134,East,OFF-AR-10003469,Office Supplies,Art,Nontoxic Chalk,4.224,3,0.2,1.4784
4053,CA-2018-122931,24-04-2023,16-01-2024,Standard Class,SM-20950,Suzanne McNair,Corporate,United States,Philadelphia,Pennsylvania,19134,East,FUR-TA-10004175,Furniture,Tables,"Hon 30"" x 60"" Table with Locking Drawer",409.272,2,0.4,-81.8544
4054,CA-2018-122931,25-04-2023,17-01-2024,Standard Class,SM-20950,Suzanne McNair,Corporate,United States,Philadelphia,Pennsylvania,19134,East,OFF-LA-10002945,Office Supplies,Labels,"Permanent Self-Adhesive File Folder Labels for Typewriters, 1 1/8 x 3 1/2, White",55.44,11,0.2,18.018
4055,CA-2018-122931,26-04-2023,18-01-2024,Standard Class,SM-20950,Suzanne McNair,Corporate,United States,Philadelphia,Pennsylvania,19134,East,OFF-PA-10000533,Office Supplies,Paper,Southworth Parchment Paper & Envelopes,20.928,4,0.2,6.8016
4056,CA-2018-122931,27-04-2023,19-01-2024,Standard Class,SM-20950,Suzanne McNair,Corporate,United States,Philadelphia,Pennsylvania,19134,East,OFF-ST-10004459,Office Supplies,Storage,Tennsco Single-Tier Lockers,1801.632,6,0.2,-337.806
4057,CA-2018-122931,28-04-2023,20-01-2024,Standard Class,SM-20950,Suzanne McNair,Corporate,United States,Philadelphia,Pennsylvania,19134,East,FUR-TA-10004147,Furniture,Tables,Hon 4060 Series Tables,67.176,1,0.4,-20.1528
4097,CA-2018-116904,29-04-2023,21-01-2024,Standard Class,SC-20095,Sanjit Chand,Consumer,United States,Minneapolis,Minnesota,55407,Central,OFF-PA-10004888,Office Supplies,Paper,Xerox 217,32.4,5,0,15.552
4098,CA-2018-116904,30-04-2023,22-01-2024,Standard Class,SC-20095,Sanjit Chand,Consumer,United States,Minneapolis,Minnesota,55407,Central,OFF-ST-10000736,Office Supplies,Storage,Carina Double Wide Media Storage Towers in Natural & Black,404.9,5,0,16.196
4099,CA-2018-116904,01-05-2023,23-01-2024,Standard Class,SC-20095,Sanjit Chand,Consumer,United States,Minneapolis,Minnesota,55407,Central,OFF-BI-10001120,Office Supplies,Binders,Ibico EPK-21 Electric Binding System,9449.95,5,0,4630.4755
4100,CA-2018-116904,02-05-2023,24-01-2024,Standard Class,SC-20095,Sanjit Chand,Consumer,United States,Minneapolis,Minnesota,55407,Central,OFF-BI-10000301,Office Supplies,Binders,GBC Instant Report Kit,12.94,2,0,6.47
4128,CA-2018-127299,03-05-2023,25-01-2024,Standard Class,JL-15835,John Lee,Consumer,United States,Charlotte,North Carolina,28205,South,OFF-ST-10003722,Office Supplies,Storage,Project Tote Personal File,67.344,6,0.2,7.5762
4129,CA-2018-127299,04-05-2023,26-01-2024,Standard Class,JL-15835,John Lee,Consumer,United States,Charlotte,North Carolina,28205,South,TEC-MA-10001127,Technology,Machines,"HP Designjet T520 Inkjet Large Format Printer - 24"" Color",2624.985,3,0.5,-944.9946
4134,CA-2018-128839,05-05-2023,27-01-2024,Standard Class,TT-21070,Ted Trevino,Consumer,United States,Chesapeake,Virginia,23320,South,OFF-FA-10002280,Office Supplies,Fasteners,Advantus Plastic Paper Clips,45,9,0,21.6
4135,CA-2018-128839,06-05-2023,28-01-2024,Standard Class,TT-21070,Ted Trevino,Consumer,United States,Chesapeake,Virginia,23320,South,TEC-MA-10000029,Technology,Machines,"Epson WorkForce WF-2530 All-in-One Printer, Copier Scanner",209.97,3,0,90.2871
4235,CA-2018-168823,07-05-2023,29-01-2024,First Class,MA-17560,Matt Abelman,Home Office,United States,Philadelphia,Pennsylvania,19143,East,OFF-PA-10004000,Office Supplies,Paper,"While You Were Out Pads, 50 per Pad, 4 x 5 1/4, Green Cycle",11.352,3,0.2,4.1151
4236,CA-2018-168823,08-05-2023,30-01-2024,First Class,MA-17560,Matt Abelman,Home Office,United States,Philadelphia,Pennsylvania,19143,East,OFF-LA-10004425,Office Supplies,Labels,Staple-on labels,20.808,9,0.2,7.0227
4241,CA-2018-133704,09-05-2023,31-01-2024,Standard Class,MA-17995,Michelle Arnett,Home Office,United States,Los Angeles,California,90004,West,OFF-AP-10001366,Office Supplies,Appliances,Staple holder,43.92,4,0,11.8584
4242,CA-2018-133704,10-05-2023,01-02-2024,Standard Class,MA-17995,Michelle Arnett,Home Office,United States,Los Angeles,California,90004,West,OFF-BI-10001636,Office Supplies,Binders,Ibico Plastic and Wire Spiral Binding Combs,20.232,3,0.2,6.5754
4251,CA-2018-168130,11-05-2023,02-02-2024,Same Day,BS-11365,Bill Shonely,Corporate,United States,New York City,New York,10011,East,FUR-CH-10000988,Furniture,Chairs,Hon Olson Stacker Stools,887.103,7,0.1,177.4206
4314,CA-2018-123127,12-05-2023,03-02-2024,Standard Class,SP-20620,Stefania Perrino,Corporate,United States,Long Beach,New York,11561,East,OFF-AP-10001962,Office Supplies,Appliances,Black & Decker Filter for Double Action Dustbuster Cordless Vac BLDV7210,16.78,2,0,4.195
4404,CA-2018-127936,13-05-2023,04-02-2024,First Class,CL-12565,Clay Ludtke,Consumer,United States,New York City,New York,10009,East,OFF-AR-10002445,Office Supplies,Art,SANFORD Major Accent Highlighters,21.24,3,0,8.0712
4764,CA-2018-112851,14-05-2023,05-02-2024,Standard Class,NR-18550,Nick Radford,Consumer,United States,Chula Vista,California,91911,West,OFF-EN-10001453,Office Supplies,Envelopes,"Tyvek Interoffice Envelopes, 9 1/2"" x 12 1/2"", 100/Box",182.94,3,0,85.9818
4850,CA-2018-107818,15-05-2023,06-02-2024,Standard Class,MC-17275,Marc Crier,Consumer,United States,Pasco,Washington,99301,West,OFF-AR-10003045,Office Supplies,Art,Prang Colored Pencils,5.88,2,0,2.646
4851,CA-2018-107818,16-05-2023,07-02-2024,Standard Class,MC-17275,Marc Crier,Consumer,United States,Pasco,Washington,99301,West,FUR-CH-10000454,Furniture,Chairs,"Hon Deluxe Fabric Upholstered Stacking Chairs, Rounded Back",975.92,5,0.2,121.99
4852,CA-2018-107818,17-05-2023,08-02-2024,Standard Class,MC-17275,Marc Crier,Consumer,United States,Pasco,Washington,99301,West,OFF-AR-10000380,Office Supplies,Art,"Hunt PowerHouse Electric Pencil Sharpener, Blue",303.84,8,0,91.152
4853,CA-2018-107818,18-05-2023,09-02-2024,Standard Class,MC-17275,Marc Crier,Consumer,United States,Pasco,Washington,99301,West,OFF-ST-10000736,Office Supplies,Storage,Carina Double Wide Media Storage Towers in Natural & Black,485.88,6,0,19.4352
4930,US-2018-138828,19-05-2023,10-02-2024,First Class,KD-16345,Katherine Ducich,Consumer,United States,New York City,New York,10009,East,OFF-AR-10000658,Office Supplies,Art,Newell 324,57.75,5,0,16.17
4931,US-2018-138828,20-05-2023,11-02-2024,First Class,KD-16345,Katherine Ducich,Consumer,United States,New York City,New York,10009,East,OFF-PA-10000349,Office Supplies,Paper,Easy-staple paper,14.94,3,0,7.0218
4986,CA-2018-125171,21-05-2023,12-02-2024,Same Day,AG-10390,Allen Goldenen,Consumer,United States,New York City,New York,10009,East,OFF-LA-10001175,Office Supplies,Labels,Avery 514,14.4,5,0,7.056
5029,CA-2018-151792,22-05-2023,13-02-2024,Second Class,CV-12295,Christina VanderZanden,Consumer,United States,Chicago,Illinois,60653,Central,TEC-AC-10001606,Technology,Accessories,Logitech Wireless Performance Mouse MX for PC and Mac,239.976,3,0.2,53.9946
5125,CA-2018-160766,23-05-2023,14-02-2024,Same Day,DM-13015,Darrin Martin,Consumer,United States,New York City,New York,10009,East,FUR-TA-10001039,Furniture,Tables,KI Adjustable-Height Table,464.292,9,0.4,-108.3348
5126,CA-2018-160766,24-05-2023,15-02-2024,Same Day,DM-13015,Darrin Martin,Consumer,United States,New York City,New York,10009,East,OFF-EN-10001099,Office Supplies,Envelopes,Staple envelope,68.46,7,0,31.4916
5127,CA-2018-160766,25-05-2023,16-02-2024,Same Day,DM-13015,Darrin Martin,Consumer,United States,New York City,New York,10009,East,TEC-MA-10003979,Technology,Machines,Ativa V4110MDD Micro-Cut Shredder,2799.96,4,0,1371.9804
5128,CA-2018-160766,26-05-2023,17-02-2024,Same Day,DM-13015,Darrin Martin,Consumer,United States,New York City,New York,10009,East,OFF-AP-10002945,Office Supplies,Appliances,Honeywell Enviracaire Portable HEPA Air Cleaner for 17' x 22' Room,601.3,2,0,198.429
5129,CA-2018-160766,27-05-2023,18-02-2024,Same Day,DM-13015,Darrin Martin,Consumer,United States,New York City,New York,10009,East,TEC-PH-10001536,Technology,Phones,Spigen Samsung Galaxy S5 Case Wallet,16.99,1,0,4.4174
5130,CA-2018-160766,28-05-2023,19-02-2024,Same Day,DM-13015,Darrin Martin,Consumer,United States,New York City,New York,10009,East,TEC-PH-10000526,Technology,Phones,Vtech CS6719,287.97,3,0,80.6316
5131,CA-2018-160766,29-05-2023,20-02-2024,Same Day,DM-13015,Darrin Martin,Consumer,United States,New York City,New York,10009,East,OFF-PA-10000213,Office Supplies,Paper,Xerox 198,44.82,9,0,21.0654
5237,CA-2018-166744,30-05-2023,21-02-2024,Standard Class,DN-13690,Duane Noonan,Consumer,United States,Columbia,Maryland,21044,East,FUR-FU-10004952,Furniture,Furnishings,"C-Line Cubicle Keepers Polyproplyene Holder w/Velcro Back, 8-1/2x11, 25/Bx",164.22,3,0,50.9082
5238,CA-2018-166744,31-05-2023,22-02-2024,Standard Class,DN-13690,Duane Noonan,Consumer,United States,Columbia,Maryland,21044,East,FUR-BO-10001337,Furniture,Bookcases,O'Sullivan Living Dimensions 2-Shelf Bookcases,362.94,3,0,36.294
5239,CA-2018-166744,01-06-2023,23-02-2024,Standard Class,DN-13690,Duane Noonan,Consumer,United States,Columbia,Maryland,21044,East,TEC-AC-10003628,Technology,Accessories,Logitech 910-002974 M325 Wireless Mouse for Web Scrolling,59.98,2,0,26.3912
5261,CA-2018-105165,02-06-2023,24-02-2024,First Class,SZ-20035,Sam Zeldin,Home Office,United States,Houston,Texas,77036,Central,TEC-PH-10000675,Technology,Phones,Panasonic KX TS3282B Corded phone,196.776,3,0.2,14.7582
5262,CA-2018-105165,03-06-2023,25-02-2024,First Class,SZ-20035,Sam Zeldin,Home Office,United States,Houston,Texas,77036,Central,OFF-BI-10000050,Office Supplies,Binders,"Angle-D Binders with Locking Rings, Label Holders",2.92,2,0.8,-4.818
5263,CA-2018-105165,04-06-2023,26-02-2024,First Class,SZ-20035,Sam Zeldin,Home Office,United States,Houston,Texas,77036,Central,FUR-TA-10004154,Furniture,Tables,"Riverside Furniture Oval Coffee Table, Oval End Table, End Table with Drawer",200.795,1,0.3,-22.948
5264,CA-2018-105165,05-06-2023,27-02-2024,First Class,SZ-20035,Sam Zeldin,Home Office,United States,Houston,Texas,77036,Central,TEC-AC-10002718,Technology,Accessories,Belkin Standard 104 key USB Keyboard,46.688,4,0.2,-2.918
5265,CA-2018-105165,06-06-2023,28-02-2024,First Class,SZ-20035,Sam Zeldin,Home Office,United States,Houston,Texas,77036,Central,OFF-AR-10003179,Office Supplies,Art,Dixon Ticonderoga Core-Lock Colored Pencils,21.864,3,0.2,3.5529
5278,CA-2018-113859,07-06-2023,29-02-2024,Standard Class,BC-11125,Becky Castell,Home Office,United States,Odessa,Texas,79762,Central,FUR-CH-10004698,Furniture,Chairs,"Padded Folding Chairs, Black, 4/Carton",340.116,6,0.3,-9.7176
5290,CA-2018-146283,08-06-2023,01-03-2024,Standard Class,KT-16465,Kean Takahito,Consumer,United States,Houston,Texas,77036,Central,OFF-PA-10002259,Office Supplies,Paper,"Geographics Note Cards, Blank, White, 8 1/2"" x 11""",17.904,2,0.2,6.2664
5291,CA-2018-146283,09-06-2023,02-03-2024,Standard Class,KT-16465,Kean Takahito,Consumer,United States,Houston,Texas,77036,Central,FUR-CH-10004287,Furniture,Chairs,SAFCO Arco Folding Chair,966.7,5,0.3,-13.81
5292,CA-2018-146283,10-06-2023,03-03-2024,Standard Class,KT-16465,Kean Takahito,Consumer,United States,Houston,Texas,77036,Central,OFF-PA-10000482,Office Supplies,Paper,"Snap-A-Way Black Print Carbonless Ruled Speed Letter, Triplicate",182.112,6,0.2,61.4628
5305,US-2018-166310,11-06-2023,04-03-2024,First Class,JS-15940,Joni Sundaresam,Home Office,United States,Garland,Texas,75043,Central,FUR-FU-10001546,Furniture,Furnishings,Dana Swing-Arm Lamps,8.544,2,0.6,-7.476
5430,CA-2018-136861,12-06-2023,05-03-2024,First Class,PR-18880,Patrick Ryan,Consumer,United States,Saint Petersburg,Florida,33710,South,FUR-FU-10001967,Furniture,Furnishings,Telescoping Adjustable Floor Lamp,31.984,2,0.2,1.999
5449,US-2018-119081,13-06-2023,06-03-2024,Standard Class,TA-21385,Tom Ashbrook,Home Office,United States,Olathe,Kansas,66062,Central,OFF-SU-10000157,Office Supplies,Supplies,Compact Automatic Electric Letter Opener,357.93,3,0,7.1586
5450,US-2018-119081,14-06-2023,07-03-2024,Standard Class,TA-21385,Tom Ashbrook,Home Office,United States,Olathe,Kansas,66062,Central,TEC-AC-10001542,Technology,Accessories,SanDisk Cruzer 16 GB USB Flash Drive,57.4,5,0,10.906
5451,US-2018-119081,15-06-2023,08-03-2024,Standard Class,TA-21385,Tom Ashbrook,Home Office,United States,Olathe,Kansas,66062,Central,OFF-BI-10004519,Office Supplies,Binders,GBC DocuBind P100 Manual Binding Machine,331.96,2,0,149.382
5452,US-2018-119081,16-06-2023,09-03-2024,Standard Class,TA-21385,Tom Ashbrook,Home Office,United States,Olathe,Kansas,66062,Central,FUR-FU-10003464,Furniture,Furnishings,"Seth Thomas 8 1/2"" Cubicle Clock",40.56,2,0,12.9792
5469,CA-2018-132451,17-06-2023,10-03-2024,First Class,KF-16285,Karen Ferguson,Home Office,United States,San Diego,California,92105,West,FUR-CH-10000454,Furniture,Chairs,"Hon Deluxe Fabric Upholstered Stacking Chairs, Rounded Back",585.552,3,0.2,73.194
5470,CA-2018-132451,18-06-2023,11-03-2024,First Class,KF-16285,Karen Ferguson,Home Office,United States,San Diego,California,92105,West,OFF-PA-10004888,Office Supplies,Paper,Xerox 217,19.44,3,0,9.3312
5626,CA-2018-126683,19-06-2023,12-03-2024,Second Class,PP-18955,Paul Prost,Home Office,United States,Seattle,Washington,98115,West,FUR-FU-10001706,Furniture,Furnishings,Longer-Life Soft White Bulbs,6.16,2,0,2.9568
5627,CA-2018-126683,20-06-2023,13-03-2024,Second Class,PP-18955,Paul Prost,Home Office,United States,Seattle,Washington,98115,West,FUR-TA-10002958,Furniture,Tables,"Bevis Oval Conference Table, Walnut",2348.82,9,0,399.2994
5641,CA-2018-147900,21-06-2023,14-03-2024,Standard Class,JK-15640,Jim Kriz,Home Office,United States,Lakewood,Ohio,44107,East,OFF-PA-10003063,Office Supplies,Paper,EcoTones Memo Sheets,28.8,9,0.2,10.08
5725,CA-2018-103191,22-06-2023,15-03-2024,Standard Class,VG-21805,Vivek Grady,Corporate,United States,Chicago,Illinois,60653,Central,OFF-ST-10002574,Office Supplies,Storage,"SAFCO Commercial Wire Shelving, Black",331.536,3,0.2,-82.884
5796,CA-2018-124856,23-06-2023,16-03-2024,Second Class,LD-17005,Lisa DeCherney,Consumer,United States,New York City,New York,10011,East,OFF-ST-10002615,Office Supplies,Storage,"Dual Level, Single-Width Filing Carts",1395.54,9,0,362.8404
5797,CA-2018-124856,24-06-2023,17-03-2024,Second Class,LD-17005,Lisa DeCherney,Consumer,United States,New York City,New York,10011,East,FUR-FU-10000521,Furniture,Furnishings,"Seth Thomas 14"" Putty-Colored Wall Clock",117.36,4,0,36.3816
5798,CA-2018-124856,25-06-2023,18-03-2024,Second Class,LD-17005,Lisa DeCherney,Consumer,United States,New York City,New York,10011,East,OFF-LA-10000121,Office Supplies,Labels,Avery 48,18.9,3,0,8.694
5799,CA-2018-124856,26-06-2023,19-03-2024,Second Class,LD-17005,Lisa DeCherney,Consumer,United States,New York City,New York,10011,East,OFF-PA-10001289,Office Supplies,Paper,White Computer Printout Paper by Universal,77.52,2,0,37.9848
5854,US-2018-138835,27-06-2023,20-03-2024,Standard Class,DA-13450,Dianna Arnett,Home Office,United States,Virginia Beach,Virginia,23464,South,OFF-BI-10003314,Office Supplies,Binders,Tuff Stuff Recycled Round Ring Binders,9.64,2,0,4.7236
5979,CA-2018-117765,28-06-2023,21-03-2024,Standard Class,RB-19465,Rick Bensley,Home Office,United States,Tulsa,Oklahoma,74133,Central,FUR-TA-10001039,Furniture,Tables,KI Adjustable-Height Table,429.9,5,0,111.774
5980,CA-2018-117765,29-06-2023,22-03-2024,Standard Class,RB-19465,Rick Bensley,Home Office,United States,Tulsa,Oklahoma,74133,Central,OFF-BI-10000474,Office Supplies,Binders,Avery Recycled Flexi-View Covers for Binding Systems,32.06,2,0,15.3888
5981,CA-2018-117765,30-06-2023,23-03-2024,Standard Class,RB-19465,Rick Bensley,Home Office,United States,Tulsa,Oklahoma,74133,Central,FUR-CH-10004698,Furniture,Chairs,"Padded Folding Chairs, Black, 4/Carton",161.96,2,0,45.3488
5982,CA-2018-117765,01-07-2023,24-03-2024,Standard Class,RB-19465,Rick Bensley,Home Office,United States,Tulsa,Oklahoma,74133,Central,OFF-ST-10003327,Office Supplies,Storage,Akro-Mils 12-Gallon Tote,19.86,2,0,5.7594
6295,CA-2018-141152,02-07-2023,25-03-2024,First Class,RF-19345,Randy Ferguson,Corporate,United States,New York City,New York,10024,East,OFF-BI-10002931,Office Supplies,Binders,"Avery Trapezoid Extra Heavy Duty 4"" Binders",33.552,1,0.2,12.582
6312,CA-2018-112837,03-07-2023,26-03-2024,Standard Class,LW-17125,Liz Willingham,Consumer,United States,Oxnard,California,93030,West,FUR-FU-10004006,Furniture,Furnishings,"Deflect-o DuraMat Lighweight, Studded, Beveled Mat for Low Pile Carpeting",127.95,3,0,21.7515
6491,CA-2018-149594,04-07-2023,27-03-2024,Standard Class,MF-18250,Monica Federle,Corporate,United States,Philadelphia,Pennsylvania,19120,East,FUR-FU-10000222,Furniture,Furnishings,"Seth Thomas 16"" Steel Case Clock",103.936,4,0.2,16.8896
6623,CA-2018-130449,05-07-2023,28-03-2024,First Class,VP-21760,Victoria Pisteka,Corporate,United States,San Francisco,California,94109,West,FUR-FU-10001487,Furniture,Furnishings,"Eldon Expressions Wood and Plastic Desk Accessories, Cherry Wood",41.88,6,0,12.1452
6624,CA-2018-130449,06-07-2023,29-03-2024,First Class,VP-21760,Victoria Pisteka,Corporate,United States,San Francisco,California,94109,West,OFF-LA-10001934,Office Supplies,Labels,Avery 516,58.48,8,0,27.4856
6910,CA-2018-126277,07-07-2023,30-03-2024,Second Class,LH-16900,Lena Hernandez,Consumer,United States,Columbus,Ohio,43229,East,OFF-BI-10004022,Office Supplies,Binders,Acco Suede Grain Vinyl Round Ring Binder,2.502,3,0.7,-2.0016
6945,CA-2018-148369,08-07-2023,31-03-2024,Standard Class,TH-21115,Thea Hudgings,Corporate,United States,Newark,Delaware,19711,East,OFF-BI-10004876,Office Supplies,Binders,Wilson Jones Suede Grain Vinyl Binders,11.12,4,0,5.4488
7050,CA-2018-141355,09-07-2023,01-04-2024,Standard Class,BF-11005,Barry Franz,Home Office,United States,Aurora,Colorado,80013,West,OFF-AR-10003179,Office Supplies,Art,Dixon Ticonderoga Core-Lock Colored Pencils,14.576,2,0.2,2.3686
7103,CA-2018-117478,10-07-2023,02-04-2024,First Class,LH-16750,Larry Hughes,Consumer,United States,Philadelphia,Pennsylvania,19140,East,OFF-BI-10000050,Office Supplies,Binders,"Angle-D Binders with Locking Rings, Label Holders",6.57,3,0.7,-5.037
7289,CA-2018-158281,11-07-2023,03-04-2024,Standard Class,AG-10525,Andy Gerbode,Corporate,United States,Houston,Texas,77095,Central,TEC-MA-10002210,Technology,Machines,Epson TM-T88V Direct Thermal Printer - Monochrome - Desktop,559.71,3,0.4,-121.2705
7378,CA-2018-132787,12-07-2023,04-04-2024,Standard Class,MC-18130,Mike Caudle,Corporate,United States,Seattle,Washington,98115,West,OFF-ST-10001321,Office Supplies,Storage,"Decoflex Hanging Personal Folder File, Blue",92.52,6,0,24.9804
7398,CA-2018-141649,13-07-2023,05-04-2024,Same Day,DM-12955,Dario Medina,Corporate,United States,Fairfield,Ohio,45014,East,OFF-AP-10003217,Office Supplies,Appliances,Eureka Sanitaire  Commercial Upright,795.408,6,0.2,59.6556
7469,CA-2018-138100,14-07-2023,06-04-2024,Standard Class,AA-10315,Alex Avila,Consumer,United States,New York City,New York,10011,East,OFF-PA-10000349,Office Supplies,Paper,Easy-staple paper,14.94,3,0,7.0218
7470,CA-2018-138100,15-07-2023,07-04-2024,Standard Class,AA-10315,Alex Avila,Consumer,United States,New York City,New York,10011,East,FUR-FU-10002456,Furniture,Furnishings,"Master Caster Door Stop, Large Neon Orange",14.56,2,0,6.2608
7483,CA-2018-113964,16-07-2023,08-04-2024,Standard Class,JP-16135,Julie Prescott,Home Office,United States,New York City,New York,10011,East,OFF-BI-10004654,Office Supplies,Binders,Avery Binding System Hidden Tab Executive Style Index Sets,18.464,4,0.2,6.924
7525,CA-2018-125731,17-07-2023,09-04-2024,Standard Class,CL-12565,Clay Ludtke,Consumer,United States,Gresham,Oregon,97030,West,OFF-EN-10003072,Office Supplies,Envelopes,Peel & Seel Envelopes,21.728,7,0.2,7.6048
7526,CA-2018-125731,18-07-2023,10-04-2024,Standard Class,CL-12565,Clay Ludtke,Consumer,United States,Gresham,Oregon,97030,West,FUR-CH-10003973,Furniture,Chairs,GuestStacker Chair with Chrome Finish Legs,1487.04,5,0.2,148.704
7598,CA-2018-131947,19-07-2023,11-04-2024,Standard Class,JA-15970,Joseph Airdo,Consumer,United States,Springfield,Oregon,97477,West,OFF-AR-10001473,Office Supplies,Art,Newell 313,5.248,2,0.2,0.4592
7599,CA-2018-131947,20-07-2023,12-04-2024,Standard Class,JA-15970,Joseph Airdo,Consumer,United States,Springfield,Oregon,97477,West,OFF-AR-10000411,Office Supplies,Art,Boston 16701 Slimline Battery Pencil Sharpener,38.256,3,0.2,4.782
7600,CA-2018-131947,21-07-2023,13-04-2024,Standard Class,JA-15970,Joseph Airdo,Consumer,United States,Springfield,Oregon,97477,West,OFF-PA-10000246,Office Supplies,Paper,Riverleaf Stik-Withit Designer Note Cubes,40.24,5,0.2,13.078
7601,CA-2018-131947,22-07-2023,14-04-2024,Standard Class,JA-15970,Joseph Airdo,Consumer,United States,Springfield,Oregon,97477,West,TEC-MA-10004086,Technology,Machines,Plantronics Single Ear Headset,29.925,5,0.7,-21.945
7602,CA-2018-131947,23-07-2023,15-04-2024,Standard Class,JA-15970,Joseph Airdo,Consumer,United States,Springfield,Oregon,97477,West,OFF-PA-10003039,Office Supplies,Paper,Xerox 1960,148.704,6,0.2,46.47
7603,CA-2018-131947,24-07-2023,16-04-2024,Standard Class,JA-15970,Joseph Airdo,Consumer,United States,Springfield,Oregon,97477,West,TEC-AC-10004633,Technology,Accessories,"Verbatim 25 GB 6x Blu-ray Single Layer Recordable Disc, 3/Pack",55.92,10,0.2,16.776
7647,US-2018-115196,25-07-2023,17-04-2024,Standard Class,DL-12925,Daniel Lacy,Consumer,United States,Greenville,North Carolina,27834,South,TEC-MA-10002073,Technology,Machines,"3D Systems Cube Printer, 2nd Generation, White",1299.99,2,0.5,-571.9956
7982,CA-2018-113383,26-07-2023,18-04-2024,First Class,SF-20065,Sandra Flanagan,Consumer,United States,Clifton,New Jersey,7011,East,OFF-AP-10004532,Office Supplies,Appliances,Kensington 6 Outlet Guardian Standard Surge Protector,81.92,4,0,22.1184
7983,CA-2018-113383,27-07-2023,19-04-2024,First Class,SF-20065,Sandra Flanagan,Consumer,United States,Clifton,New Jersey,7011,East,FUR-FU-10001986,Furniture,Furnishings,"Dana Fluorescent Magnifying Lamp, White, 36""",254.9,5,0,76.47
8017,US-2018-131870,28-07-2023,20-04-2024,First Class,NF-18595,Nicole Fjeld,Home Office,United States,Lancaster,Ohio,43130,East,FUR-FU-10002501,Furniture,Furnishings,Nu-Dell Executive Frame,60.672,6,0.2,12.8928
8018,US-2018-131870,29-07-2023,21-04-2024,First Class,NF-18595,Nicole Fjeld,Home Office,United States,Lancaster,Ohio,43130,East,OFF-AR-10000634,Office Supplies,Art,Newell 320,30.816,9,0.2,2.6964
8050,CA-2018-144974,30-07-2023,22-04-2024,Standard Class,CM-12715,Craig Molinari,Corporate,United States,Philadelphia,Pennsylvania,19140,East,OFF-BI-10003274,Office Supplies,Binders,"Avery Durable Slant Ring Binders, No Labels",5.97,5,0.7,-4.577
8051,CA-2018-144974,31-07-2023,23-04-2024,Standard Class,CM-12715,Craig Molinari,Corporate,United States,Philadelphia,Pennsylvania,19140,East,FUR-FU-10001095,Furniture,Furnishings,DAX Black Cherry Wood-Tone Poster Frame,21.184,1,0.2,4.7664
8052,CA-2018-144974,01-08-2023,24-04-2024,Standard Class,CM-12715,Craig Molinari,Corporate,United States,Philadelphia,Pennsylvania,19140,East,OFF-AP-10001492,Office Supplies,Appliances,"Acco Six-Outlet Power Strip, 4' Cord Length",41.376,6,0.2,3.1032
8233,CA-2018-158225,02-08-2023,25-04-2024,Standard Class,SE-20110,Sanjit Engle,Consumer,United States,San Jose,California,95123,West,OFF-ST-10000675,Office Supplies,Storage,"File Shuttle II and Handi-File, Black",169.45,5,0,42.3625
8234,CA-2018-158225,03-08-2023,26-04-2024,Standard Class,SE-20110,Sanjit Engle,Consumer,United States,San Jose,California,95123,West,OFF-ST-10002301,Office Supplies,Storage,Tennsco Commercial Shelving,40.68,2,0,0.4068
8242,CA-2018-109855,04-08-2023,27-04-2024,Standard Class,LH-16900,Lena Hernandez,Consumer,United States,New York City,New York,10009,East,OFF-BI-10004716,Office Supplies,Binders,Wilson Jones Hanging Recycled Pressboard Data Binders,23.744,2,0.2,8.3104
8243,CA-2018-109855,05-08-2023,28-04-2024,Standard Class,LH-16900,Lena Hernandez,Consumer,United States,New York City,New York,10009,East,TEC-AC-10002842,Technology,Accessories,WD My Passport Ultra 2TB Portable External Hard Drive,357,3,0,57.12
8367,CA-2018-109918,06-08-2023,29-04-2024,Second Class,LR-17035,Lisa Ryan,Corporate,United States,Santa Clara,California,95051,West,OFF-SU-10004290,Office Supplies,Supplies,"Acme Design Line 8"" Stainless Steel Bent Scissors w/Champagne Handles, 3-1/8"" Cut",27.36,4,0,7.3872
8368,CA-2018-109918,07-08-2023,30-04-2024,Second Class,LR-17035,Lisa Ryan,Corporate,United States,Santa Clara,California,95051,West,OFF-PA-10000174,Office Supplies,Paper,"Message Book, Wirebound, Four 5 1/2"" X 4"" Forms/Pg., 200 Dupl. Sets/Book",20.56,2,0,9.6632
8369,CA-2018-109918,08-08-2023,01-05-2024,Second Class,LR-17035,Lisa Ryan,Corporate,United States,Santa Clara,California,95051,West,OFF-BI-10004308,Office Supplies,Binders,Avery Legal 4-Ring Binder,83.92,5,0.2,31.47
8381,CA-2018-103527,09-08-2023,02-05-2024,Second Class,CC-12220,Chris Cortes,Consumer,United States,Chicago,Illinois,60653,Central,OFF-PA-10001622,Office Supplies,Paper,"Ampad Poly Cover Wirebound Steno Book, 6"" x 9"" Assorted Colors, Gregg Ruled",10.896,3,0.2,3.405
8398,US-2018-120236,10-08-2023,03-05-2024,First Class,MR-17545,Mathew Reese,Home Office,United States,Houston,Texas,77095,Central,OFF-BI-10004099,Office Supplies,Binders,GBC VeloBinder Strips,7.68,5,0.8,-11.52
8433,US-2018-127635,11-08-2023,04-05-2024,Second Class,SC-20260,Scott Cohen,Corporate,United States,Corpus Christi,Texas,78415,Central,OFF-FA-10000053,Office Supplies,Fasteners,Revere Boxed Rubber Bands by Revere,6.048,4,0.2,-1.3608
8434,US-2018-127635,12-08-2023,05-05-2024,Second Class,SC-20260,Scott Cohen,Corporate,United States,Corpus Christi,Texas,78415,Central,OFF-PA-10004610,Office Supplies,Paper,Xerox 1900,6.848,2,0.2,2.14
8435,US-2018-127635,13-08-2023,06-05-2024,Second Class,SC-20260,Scott Cohen,Corporate,United States,Corpus Christi,Texas,78415,Central,FUR-FU-10000550,Furniture,Furnishings,Stacking Trays by OIC,9.96,5,0.6,-6.723
8436,US-2018-127635,14-08-2023,07-05-2024,Second Class,SC-20260,Scott Cohen,Corporate,United States,Corpus Christi,Texas,78415,Central,OFF-BI-10001721,Office Supplies,Binders,Trimflex Flexible Post Binders,8.552,2,0.8,-13.6832
8575,CA-2018-159849,15-08-2023,08-05-2024,Same Day,JK-15640,Jim Kriz,Home Office,United States,San Francisco,California,94110,West,OFF-FA-10000053,Office Supplies,Fasteners,Revere Boxed Rubber Bands by Revere,5.67,3,0,0.1134
8651,CA-2018-142769,16-08-2023,09-05-2024,Same Day,RP-19390,Resi Pölking,Consumer,United States,Seattle,Washington,98103,West,OFF-FA-10000840,Office Supplies,Fasteners,OIC Thumb-Tacks,5.7,5,0,2.679
8652,CA-2018-142769,17-08-2023,10-05-2024,Same Day,RP-19390,Resi Pölking,Consumer,United States,Seattle,Washington,98103,West,FUR-FU-10001918,Furniture,Furnishings,C-Line Cubicle Keepers Polyproplyene Holder With Velcro Backings,14.19,3,0,5.5341
8653,CA-2018-142769,18-08-2023,11-05-2024,Same Day,RP-19390,Resi Pölking,Consumer,United States,Seattle,Washington,98103,West,OFF-SU-10001574,Office Supplies,Supplies,Acme Value Line Scissors,7.3,2,0,2.19
8654,CA-2018-142769,19-08-2023,12-05-2024,Same Day,RP-19390,Resi Pölking,Consumer,United States,Seattle,Washington,98103,West,TEC-AC-10001606,Technology,Accessories,Logitech Wireless Performance Mouse MX for PC and Mac,199.98,2,0,75.9924
8655,CA-2018-142769,20-08-2023,13-05-2024,Same Day,RP-19390,Resi Pölking,Consumer,United States,Seattle,Washington,98103,West,TEC-AC-10003399,Technology,Accessories,Memorex Mini Travel Drive 64 GB USB 2.0 Flash Drive,144.96,4,0,60.8832
8656,CA-2018-142769,21-08-2023,14-05-2024,Same Day,RP-19390,Resi Pölking,Consumer,United States,Seattle,Washington,98103,West,TEC-AC-10000865,Technology,Accessories,WD My Passport Ultra 500GB Portable External Hard Drive,118,2,0,20.06
8657,CA-2018-142769,22-08-2023,15-05-2024,Same Day,RP-19390,Resi Pölking,Consumer,United States,Seattle,Washington,98103,West,OFF-PA-10002923,Office Supplies,Paper,Xerox 1942,48.94,1,0,24.47
8658,CA-2018-142769,23-08-2023,16-05-2024,Same Day,RP-19390,Resi Pölking,Consumer,United States,Seattle,Washington,98103,West,OFF-AP-10004785,Office Supplies,Appliances,"Holmes Replacement Filter for HEPA Air Cleaner, Medium Room",22.66,2,0,9.7438
8707,CA-2018-146815,24-08-2023,17-05-2024,Standard Class,PP-18955,Paul Prost,Home Office,United States,New York City,New York,10009,East,FUR-CH-10004289,Furniture,Chairs,Global Super Steno Chair,172.764,2,0.1,13.4372
8708,CA-2018-146815,25-08-2023,18-05-2024,Standard Class,PP-18955,Paul Prost,Home Office,United States,New York City,New York,10009,East,OFF-AR-10003469,Office Supplies,Art,Nontoxic Chalk,3.52,2,0,1.6896
8867,CA-2018-120411,26-08-2023,19-05-2024,First Class,SB-20185,Sarah Brown,Consumer,United States,Chicago,Illinois,60653,Central,FUR-BO-10004218,Furniture,Bookcases,"Bush Heritage Pine Collection 5-Shelf Bookcase, Albany Pine Finish, *Special Order",493.43,5,0.3,-70.49
8868,CA-2018-120411,27-08-2023,20-05-2024,First Class,SB-20185,Sarah Brown,Consumer,United States,Chicago,Illinois,60653,Central,TEC-PH-10002185,Technology,Phones,QVS USB Car Charger 2-Port 2.1Amp for iPod/iPhone/iPad/iPad 2/iPad 3,11.12,2,0.2,3.475
8956,CA-2018-126480,28-08-2023,21-05-2024,Standard Class,HG-14965,Henry Goldwyn,Corporate,United States,San Diego,California,92024,West,OFF-PA-10004610,Office Supplies,Paper,Xerox 1900,8.56,2,0,3.852
9034,CA-2018-152268,29-08-2023,22-05-2024,Standard Class,SC-20095,Sanjit Chand,Consumer,United States,Fayetteville,Arkansas,72701,South,OFF-BI-10001359,Office Supplies,Binders,GBC DocuBind TL300 Electric Binding System,1793.98,2,0,843.1706
9041,CA-2018-138177,30-08-2023,23-05-2024,Standard Class,ND-18460,Neil Ducich,Corporate,United States,Chandler,Arizona,85224,West,FUR-TA-10004607,Furniture,Tables,Hon 2111 Invitation Series Straight Table,73.915,1,0.5,-45.8273
9042,CA-2018-114335,31-08-2023,24-05-2024,Standard Class,XP-21865,Xylona Preis,Consumer,United States,Hollywood,Florida,33021,South,FUR-FU-10000277,Furniture,Furnishings,Deflect-o DuraMat Antistatic Studded Beveled Mat for Medium Pile Carpeting,337.088,4,0.2,16.8544
9050,CA-2018-124513,01-09-2023,25-05-2024,Standard Class,SL-20155,Sara Luxemburg,Home Office,United States,New York City,New York,10011,East,OFF-AR-10002956,Office Supplies,Art,Boston 16801 Nautilus Battery Pencil Sharpener,66.03,3,0,17.1678
9140,CA-2018-106971,02-09-2023,26-05-2024,Standard Class,BM-11785,Bryan Mills,Consumer,United States,Buffalo Grove,Illinois,60089,Central,TEC-AC-10000844,Technology,Accessories,Logitech Gaming G510s - Keyboard,475.944,7,0.2,95.1888
9291,CA-2018-163650,03-09-2023,27-05-2024,First Class,TT-21220,Thomas Thornton,Consumer,United States,Dover,Delaware,19901,East,OFF-AR-10002375,Office Supplies,Art,Newell 351,9.84,3,0,2.8536
9292,CA-2018-163650,04-09-2023,28-05-2024,First Class,TT-21220,Thomas Thornton,Consumer,United States,Dover,Delaware,19901,East,OFF-BI-10004965,Office Supplies,Binders,Ibico Covers for Plastic or Wire Binding Elements,34.5,3,0,15.525
9394,CA-2018-125997,05-09-2023,29-05-2024,First Class,MW-18220,Mitch Webber,Consumer,United States,New York City,New York,10011,East,TEC-PH-10003484,Technology,Phones,Ooma Telo VoIP Home Phone System,629.95,5,0,157.4875
9395,CA-2018-125997,06-09-2023,30-05-2024,First Class,MW-18220,Mitch Webber,Consumer,United States,New York City,New York,10011,East,FUR-CH-10001394,Furniture,Chairs,Global Leather Executive Chair,631.782,2,0.1,140.396
9396,CA-2018-125997,07-09-2023,31-05-2024,First Class,MW-18220,Mitch Webber,Consumer,United States,New York City,New York,10011,East,FUR-BO-10002213,Furniture,Bookcases,DMI Eclipse Executive Suite Bookcases,801.568,2,0.2,-10.0196
9397,CA-2018-125997,08-09-2023,01-06-2024,First Class,MW-18220,Mitch Webber,Consumer,United States,New York City,New York,10011,East,OFF-LA-10002762,Office Supplies,Labels,Avery 485,75.18,6,0,35.3346
9398,CA-2018-125997,09-09-2023,02-06-2024,First Class,MW-18220,Mitch Webber,Consumer,United States,New York City,New York,10011,East,OFF-AP-10003842,Office Supplies,Appliances,Euro-Pro Shark Turbo Vacuum,30.98,1,0,8.0548
9399,CA-2018-125997,10-09-2023,03-06-2024,First Class,MW-18220,Mitch Webber,Consumer,United States,New York City,New York,10011,East,TEC-PH-10003072,Technology,Phones,Panasonic KX-TG9541B DECT 6.0 Digital 2-Line Expandable Cordless Phone With Digital Answering System,1349.91,9,0,661.4559
9426,CA-2018-116246,11-09-2023,04-06-2024,Second Class,LW-17215,Luke Weiss,Consumer,United States,New York City,New York,10035,East,FUR-CH-10002024,Furniture,Chairs,HON 5400 Series Task Chairs for Big and Tall,3785.292,6,0.1,420.588
9450,CA-2018-140032,12-09-2023,05-06-2024,Standard Class,TS-21340,Toby Swindell,Consumer,United States,San Francisco,California,94109,West,OFF-BI-10000822,Office Supplies,Binders,"Acco PRESSTEX Data Binder with Storage Hooks, Light Blue, 9 1/2"" X 11""",8.608,2,0.2,3.0128
9479,CA-2018-126193,13-09-2023,06-06-2024,Standard Class,SS-20410,Shahid Shariari,Consumer,United States,Oswego,Illinois,60543,Central,OFF-FA-10000936,Office Supplies,Fasteners,Acco Hot Clips Clips to Go,13.16,5,0.2,4.1125
9480,CA-2018-126193,14-09-2023,07-06-2024,Standard Class,SS-20410,Shahid Shariari,Consumer,United States,Oswego,Illinois,60543,Central,OFF-BI-10001249,Office Supplies,Binders,Avery Heavy-Duty EZD View Binder with Locking Rings,3.828,3,0.8,-6.5076
9481,CA-2018-126193,15-09-2023,08-06-2024,Standard Class,SS-20410,Shahid Shariari,Consumer,United States,Oswego,Illinois,60543,Central,OFF-BI-10004632,Office Supplies,Binders,Ibico Hi-Tech Manual Binding System,304.99,5,0.8,-533.7325
9621,CA-2018-115133,16-09-2023,09-06-2024,Standard Class,DA-13450,Dianna Arnett,Home Office,United States,Lancaster,Ohio,43130,East,OFF-AP-10001634,Office Supplies,Appliances,Hoover Commercial Lightweight Upright Vacuum,16.704,6,0.2,1.2528
9622,CA-2018-115133,17-09-2023,10-06-2024,Standard Class,DA-13450,Dianna Arnett,Home Office,United States,Lancaster,Ohio,43130,East,TEC-AC-10002370,Technology,Accessories,Maxell CD-R Discs,3.152,2,0.2,0.4728
9623,CA-2018-115133,18-09-2023,11-06-2024,Standard Class,DA-13450,Dianna Arnett,Home Office,United States,Lancaster,Ohio,43130,East,OFF-PA-10000174,Office Supplies,Paper,"Message Book, Wirebound, Four 5 1/2"" X 4"" Forms/Pg., 200 Dupl. Sets/Book",32.896,4,0.2,11.1024
9656,CA-2018-156160,19-09-2023,12-06-2024,Standard Class,AS-10090,Adam Shillingsburg,Consumer,United States,New York City,New York,10035,East,FUR-FU-10001876,Furniture,Furnishings,"Computer Room Manger, 14""",97.44,3,0,35.0784
9657,CA-2018-156160,20-09-2023,13-06-2024,Standard Class,AS-10090,Adam Shillingsburg,Consumer,United States,New York City,New York,10035,East,OFF-BI-10003355,Office Supplies,Binders,Cardinal Holdit Business Card Pockets,3.984,1,0.2,1.3944
9658,CA-2018-156160,21-09-2023,14-06-2024,Standard Class,AS-10090,Adam Shillingsburg,Consumer,United States,New York City,New York,10035,East,OFF-AR-10003876,Office Supplies,Art,"Avery Hi-Liter GlideStik Fluorescent Highlighter, Yellow Ink",13.04,4,0,5.7376
9659,CA-2018-156160,22-09-2023,15-06-2024,Standard Class,AS-10090,Adam Shillingsburg,Consumer,United States,New York City,New York,10035,East,FUR-CH-10004983,Furniture,Chairs,Office Star - Mid Back Dual function Ergonomic High Back Chair with 2-Way Adjustable Arms,579.528,4,0.1,83.7096
9730,CA-2018-111962,23-09-2023,16-06-2024,Standard Class,EB-14170,Evan Bailliet,Consumer,United States,Seattle,Washington,98115,West,OFF-BI-10001308,Office Supplies,Binders,GBC Standard Plastic Binding Systems' Combs,10.048,2,0.2,3.14
9731,CA-2018-111962,24-09-2023,17-06-2024,Standard Class,EB-14170,Evan Bailliet,Consumer,United States,Seattle,Washington,98115,West,OFF-ST-10000046,Office Supplies,Storage,Fellowes Super Stor/Drawer Files,807.75,5,0,153.4725
9896,CA-2018-115049,25-09-2023,18-06-2024,Standard Class,MM-17920,Michael Moore,Consumer,United States,Chicago,Illinois,60623,Central,TEC-AC-10004859,Technology,Accessories,"Maxell Pro 80 Minute CD-R, 10/Pack",153.824,11,0.2,38.456
